-- phpMyAdmin SQL Dump
-- version 4.0.10.9
-- http://www.phpmyadmin.net
--
-- Host: localhost
-- Generation Time: Jul 17, 2018 at 06:25 PM
-- Server version: 5.1.41
-- PHP Version: 5.3.1

SET SQL_MODE = "NO_AUTO_VALUE_ON_ZERO";
SET time_zone = "+00:00";


/*!40101 SET @OLD_CHARACTER_SET_CLIENT=@@CHARACTER_SET_CLIENT */;
/*!40101 SET @OLD_CHARACTER_SET_RESULTS=@@CHARACTER_SET_RESULTS */;
/*!40101 SET @OLD_COLLATION_CONNECTION=@@COLLATION_CONNECTION */;
/*!40101 SET NAMES utf8 */;

--
-- Database: `bms.epalto`
--

-- --------------------------------------------------------

--
-- Table structure for table `tbl_kecamatan`
--

CREATE TABLE IF NOT EXISTS `tbl_kecamatan` (
  `kecamatan_id` varchar(7) NOT NULL,
  `desa_id` varchar(3) NOT NULL,
  `nama` char(100) NOT NULL,
  `pimpinan` varchar(100) NOT NULL,
  `geometry` text NOT NULL,
  `lat` float(10,6) NOT NULL,
  `lng` float(10,6) NOT NULL,
  `dt_created` int(11) NOT NULL,
  `created_by` int(4) NOT NULL,
  `dt_updated` int(11) NOT NULL,
  `updated_by` int(4) NOT NULL,
  PRIMARY KEY (`kecamatan_id`,`desa_id`)
) ENGINE=InnoDB DEFAULT CHARSET=utf8;

--
-- Dumping data for table `tbl_kecamatan`
--

INSERT INTO `tbl_kecamatan` (`kecamatan_id`, `desa_id`, `nama`, `pimpinan`, `geometry`, `lat`, `lng`, `dt_created`, `created_by`, `dt_updated`, `updated_by`) VALUES
('0000001', '000', 'KEC. XXX', '', '', 0.000000, 0.000000, 0, 0, 0, 0),
('0000001', '001', 'DESA. XXX', '', '', 0.000000, 0.000000, 0, 0, 0, 0);

-- --------------------------------------------------------

--
-- Table structure for table `tbl_log`
--

CREATE TABLE IF NOT EXISTS `tbl_log` (
  `logID` int(11) NOT NULL AUTO_INCREMENT,
  `userName` varchar(30) NOT NULL DEFAULT '',
  `accessIP` varchar(30) DEFAULT NULL,
  `accessTime` int(13) NOT NULL DEFAULT '0',
  `accessUrl` varchar(50) DEFAULT NULL,
  `accessAction` varchar(15) DEFAULT NULL,
  `accessDescription` text,
  PRIMARY KEY (`logID`)
) ENGINE=InnoDB  DEFAULT CHARSET=latin1 AUTO_INCREMENT=63 ;

--
-- Dumping data for table `tbl_log`
--

INSERT INTO `tbl_log` (`logID`, `userName`, `accessIP`, `accessTime`, `accessUrl`, `accessAction`, `accessDescription`) VALUES
(1, '1_berkat', '::1', 1531597979, '/c_buat_tiket/baru', 'UPDATE', 'Membuat keberangkatan baru'),
(2, '1_berkat', '::1', 1531597986, '/c_buat_tiket/baru', 'UPDATE', 'Membuat keberangkatan baru'),
(3, '1_berkat', '::1', 1531598055, '/c_buat_tiket/baru', 'UPDATE', 'Membuat keberangkatan baru'),
(4, '1_berkat', '::1', 1531598078, '/c_buat_tiket/selesai/?id_tiket_grp=1', 'UPDATE', 'Keberangkatan selesai'),
(5, '1_berkat', '::1', 1531598080, '/c_buat_tiket/selesai/?id_tiket_grp=2', 'UPDATE', 'Keberangkatan selesai'),
(6, '1_berkat', '::1', 1531598133, '/c_buat_tiket/baru', 'UPDATE', 'Membuat keberangkatan baru'),
(7, '1_berkat', '::1', 1531643338, '/login/proses', 'LOGIN', 'Login |userName : berkat |Login Berhasil'),
(8, '1_berkat', '::1', 1531724956, '/login/proses', 'LOGIN', 'Login |userName : berkat |Login Berhasil'),
(9, '1_berkat', '::1', 1531724969, '/c_buat_tiket/selesai/?id_tiket_grp=3', 'UPDATE', 'Keberangkatan selesai'),
(10, '1_berkat', '::1', 1531724980, '/c_buat_tiket/simpan', 'UPDATE', 'Berhasil<br>'),
(11, '1_berkat', '::1', 1531725752, '/c_buat_tiket/simpan', 'UPDATE', 'Berhasil<br>'),
(12, '1_berkat', '::1', 1531725757, '/c_buat_tiket/simpan', 'UPDATE', 'Berhasil<br>'),
(13, '1_berkat', '::1', 1531725818, '/c_buat_tiket/simpan', 'INSERT', 'Tgl.Transaksi ,  |No.Transaksi , .. |No.Referensi , <br>Kas Keluar: Bunga Deposito ,  |Jumlah , '),
(14, '1_berkat', '::1', 1531725888, '/c_buat_tiket/simpan', 'INSERT', 'Tgl.Transaksi ,  |No.Transaksi , .. |No.Referensi , <br>Kas Keluar: Bunga Deposito ,  |Jumlah , '),
(15, '1_berkat', '::1', 1531725893, '/c_buat_tiket/simpan', 'INSERT', 'Tgl.Transaksi ,  |No.Transaksi , .. |No.Referensi , <br>Kas Keluar: Bunga Deposito ,  |Jumlah , '),
(16, '1_berkat', '::1', 1531725927, '/c_buat_tiket/simpan', 'INSERT', 'Tgl.Transaksi ,  |No.Transaksi , .. |No.Referensi , <br>Kas Keluar: Bunga Deposito ,  |Jumlah , '),
(17, '1_berkat', '::1', 1531726010, '/c_buat_tiket/simpan', 'INSERT', 'Tgl.Transaksi ,  |No.Transaksi , .. |No.Referensi , <br>Kas Keluar: Bunga Deposito ,  |Jumlah , '),
(18, '1_berkat', '::1', 1531726029, '/c_buat_tiket/simpan', 'INSERT', 'Tgl.Transaksi ,  |No.Transaksi , .. |No.Referensi , <br>Kas Keluar: Bunga Deposito ,  |Jumlah , '),
(19, '1_berkat', '::1', 1531726066, '/c_buat_tiket/simpan', 'INSERT', 'Tgl.Transaksi ,  |No.Transaksi , .. |No.Referensi , <br>Kas Keluar: Bunga Deposito ,  |Jumlah , '),
(20, '1_berkat', '::1', 1531726130, '/c_buat_tiket/simpan', 'INSERT', 'Tgl.Transaksi ,  |No.Transaksi , .. |No.Referensi , <br>Kas Keluar: Bunga Deposito ,  |Jumlah , '),
(21, '1_berkat', '::1', 1531726137, '/c_buat_tiket/simpan', 'INSERT', 'Tgl.Transaksi ,  |No.Transaksi , .. |No.Referensi , <br>Kas Keluar: Bunga Deposito ,  |Jumlah , '),
(22, '1_berkat', '::1', 1531726255, '/c_buat_tiket/simpan', 'INSERT', 'Tgl.Transaksi ,  |No.Transaksi , .. |No.Referensi , <br>Kas Keluar: Bunga Deposito ,  |Jumlah , '),
(23, '1_berkat', '::1', 1531726283, '/c_buat_tiket/simpan', 'INSERT', 'Tgl.Transaksi ,  |No.Transaksi , .. |No.Referensi , <br>Kas Keluar: Bunga Deposito ,  |Jumlah , '),
(24, '1_berkat', '::1', 1531726300, '/c_buat_tiket/simpan', 'INSERT', 'Tgl.Transaksi ,  |No.Transaksi , .. |No.Referensi , <br>Kas Keluar: Bunga Deposito ,  |Jumlah , '),
(25, '1_berkat', '::1', 1531726326, '/c_buat_tiket/simpan', 'INSERT', 'Tgl.Transaksi ,  |No.Transaksi , .. |No.Referensi , <br>Kas Keluar: Bunga Deposito ,  |Jumlah , '),
(26, '1_berkat', '::1', 1531726447, '/c_buat_tiket/simpan', 'INSERT', 'Tgl.Transaksi ,  |No.Transaksi , .. |No.Referensi , <br>Kas Keluar: Bunga Deposito ,  |Jumlah , '),
(27, '1_berkat', '::1', 1531726474, '/c_buat_tiket/simpan', 'INSERT', 'Tgl.Transaksi ,  |No.Transaksi , .. |No.Referensi , <br>Kas Keluar: Bunga Deposito ,  |Jumlah , '),
(28, '1_berkat', '::1', 1531726591, '/c_buat_tiket/simpan', 'INSERT', 'Tgl.Transaksi ,  |No.Transaksi , .. |No.Referensi , <br>Kas Keluar: Bunga Deposito ,  |Jumlah , '),
(29, '1_berkat', '::1', 1531726756, '/c_buat_tiket/simpan', 'INSERT', 'Tgl.Transaksi ,  |No.Transaksi , .. |No.Referensi , <br>'),
(30, '1_berkat', '::1', 1531726798, '/c_buat_tiket/simpan', 'INSERT', 'Tgl.Transaksi ,  |No.Transaksi , .. |No.Referensi , <br>'),
(31, '1_berkat', '::1', 1531726901, '/c_buat_tiket/simpan', 'INSERT', 'Tgl.Transaksi ,  |No.Transaksi , .. |No.Referensi , <br>'),
(32, '1_berkat', '::1', 1531726949, '/c_buat_tiket/simpan', 'INSERT', 'Tgl.Transaksi ,  |No.Transaksi , .. |No.Referensi , <br>'),
(33, '1_berkat', '::1', 1531726998, '/c_buat_tiket/simpan', 'INSERT', 'Tgl.Transaksi ,  |No.Transaksi , .. |No.Referensi , <br>'),
(34, '1_berkat', '::1', 1531727057, '/c_buat_tiket/simpan', 'INSERT', 'Tgl.Transaksi ,  |No.Transaksi , .. |No.Referensi , <br>'),
(35, '1_berkat', '::1', 1531727108, '/c_buat_tiket/simpan', 'INSERT', 'Tgl.Transaksi ,  |No.Transaksi , .. |No.Referensi , <br>'),
(36, '1_berkat', '::1', 1531727278, '/c_buat_tiket/simpan', 'INSERT', 'Tgl.Transaksi ,  |No.Transaksi , .. |No.Referensi , <br>'),
(37, '1_berkat', '::1', 1531727407, '/c_buat_tiket/simpan', 'INSERT', 'Tanggal ,  |No.Keberangkatan ,dfdsf |No.Tiket , <br>'),
(38, '1_berkat', '::1', 1531727486, '/c_buat_tiket/simpan', 'INSERT', 'Tanggal ,  |No.Keberangkatan ,dfdsf |No.Tiket , <br>'),
(39, '1_berkat', '::1', 1531727740, '/c_buat_tiket/simpan', 'INSERT', 'Tanggal,16-07-2018|No.Keberangkatan,4|No.Tiket, 1<br>'),
(40, '1_berkat', '::1', 1531727932, '/c_buat_tiket/simpan', 'INSERT', 'Tanggal,16-07-2018|No.Keberangkatan,4|No.Tiket, 2<br>'),
(41, '1_berkat', '::1', 1531727981, '/c_buat_tiket/simpan', 'INSERT', 'Tanggal,16-07-2018|No.Keberangkatan,4|No.Tiket, 1<br>'),
(42, '1_berkat', '::1', 1531728054, '/c_buat_tiket/simpan', 'INSERT', 'Tanggal,16-07-2018|No.Keberangkatan,4|No.Tiket, 2<br>'),
(43, '1_berkat', '::1', 1531728095, '/c_buat_tiket/simpan', 'INSERT', 'Tanggal,16-07-2018|No.Keberangkatan,4|No.Tiket, 3<br>'),
(44, '1_berkat', '::1', 1531728148, '/c_buat_tiket/simpan', 'INSERT', 'Tanggal,16-07-2018|No.Keberangkatan,4|No.Tiket, 4<br>'),
(45, '1_berkat', '::1', 1531728326, '/c_buat_tiket/simpan', 'INSERT', 'Tanggal,16-07-2018|No.Keberangkatan,4|No.Tiket, 5<br>'),
(46, '1_berkat', '::1', 1531728425, '/c_buat_tiket/baru', 'UPDATE', 'Membuat keberangkatan baru'),
(47, '1_berkat', '::1', 1531728433, '/c_buat_tiket/selesai/?id_tiket_grp=4', 'UPDATE', 'Keberangkatan selesai'),
(48, '1_berkat', '::1', 1531750604, '/login/proses', 'LOGIN', 'Login |userName : berkat |Login Berhasil'),
(49, '1_berkat', '::1', 1531751814, '/logout', 'LOGOUT', 'Logout |Username : berkat |Logout Berhasil'),
(50, '1_berkat', '::1', 1531821505, '/login/proses', 'LOGIN', 'Login |userName : berkat |Login Berhasil'),
(51, '1_berkat', '::1', 1531821545, '/c_buat_tiket/baru', 'UPDATE', 'Membuat keberangkatan baru'),
(52, '1_berkat', '::1', 1531821551, '/c_buat_tiket/selesai/?id_tiket_grp=5', 'UPDATE', 'Keberangkatan selesai'),
(53, '1_berkat', '::1', 1531821565, '/c_buat_tiket/simpan', 'INSERT', 'Tanggal,17-07-2018|No.Keberangkatan,1|No.Tiket, 6<br>'),
(54, '1_berkat', '::1', 1531821595, '/c_buat_tiket/simpan', 'INSERT', 'Tanggal,17-07-2018|No.Keberangkatan,1|No.Tiket, 7<br>'),
(55, '1_berkat', '::1', 1531821666, '/c_buat_tiket/selesai/?id_tiket_grp=6', 'UPDATE', 'Keberangkatan selesai'),
(56, '1_berkat', '::1', 1531821670, '/c_buat_tiket/baru', 'UPDATE', 'Membuat keberangkatan baru'),
(57, '_', '192.168.2.216', 1531822446, '/login/proses', 'LOGIN', 'Login |userName : admin |Login Gagal'),
(58, '2_admin', '192.168.2.216', 1531822451, '/login/proses', 'LOGIN', 'Login |userName : admin |Login Berhasil'),
(59, '2_admin', '192.168.2.216', 1531822545, '/c_buat_tiket/selesai/?id_tiket_grp=7', 'UPDATE', 'Keberangkatan selesai'),
(60, '2_admin', '192.168.2.216', 1531822614, '/c_buat_tiket/baru', 'UPDATE', 'Membuat keberangkatan baru'),
(61, '2_admin', '192.168.2.216', 1531822698, '/c_buat_tiket/simpan', 'INSERT', 'Tanggal,17-07-2018|No.Keberangkatan,3|No.Tiket, 8<br>'),
(62, '2_admin', '192.168.2.216', 1531822777, '/c_buat_tiket/simpan', 'INSERT', 'Tanggal,17-07-2018|No.Keberangkatan,3|No.Tiket, 8<br>');

-- --------------------------------------------------------

--
-- Table structure for table `tbl_master_tarif`
--

CREATE TABLE IF NOT EXISTS `tbl_master_tarif` (
  `tujuan_id` char(2) NOT NULL,
  `jenis_penumpang` varchar(255) NOT NULL DEFAULT '',
  `tiket_jenis` char(2) NOT NULL DEFAULT '',
  `nominal` double DEFAULT NULL,
  `dt_created` int(4) DEFAULT NULL,
  `created_by` int(4) DEFAULT NULL,
  `dt_updated` int(4) DEFAULT NULL,
  `updated_by` int(4) DEFAULT NULL,
  PRIMARY KEY (`tujuan_id`,`jenis_penumpang`,`tiket_jenis`)
) ENGINE=MyISAM DEFAULT CHARSET=latin1;

--
-- Dumping data for table `tbl_master_tarif`
--

INSERT INTO `tbl_master_tarif` (`tujuan_id`, `jenis_penumpang`, `tiket_jenis`, `nominal`, `dt_created`, `created_by`, `dt_updated`, `updated_by`) VALUES
('1', 'penum.paket', '2', 0, 1531596537, 1, NULL, NULL),
('1', 'penum.paket', '1', 0, 1531596537, 1, NULL, NULL),
('1', 'penum.kendaraan', '8', 100000, 1531596537, 1, NULL, NULL),
('1', 'penum.kendaraan', '1', 0, 1531596537, 1, NULL, NULL),
('1', 'penum.kendaraan', '2', 0, 1531596537, 1, NULL, NULL),
('1', 'penum.kendaraan', '3', 0, 1531596537, 1, NULL, NULL),
('1', 'penum.kendaraan', '4', 0, 1531596537, 1, NULL, NULL),
('1', 'penum.kendaraan', '5', 0, 1531596537, 1, NULL, NULL),
('1', 'penum.kendaraan', '7', 0, 1531596537, 1, NULL, NULL),
('1', 'penum.kendaraan', '6', 0, 1531596537, 1, NULL, NULL),
('1', 'penum.orang', '3', 0, 1531596537, 1, NULL, NULL),
('1', 'penum.orang', '2', 3000, 1531596537, 1, NULL, NULL),
('1', 'penum.orang', '1', 5000, 1531596537, 1, NULL, NULL),
('2', 'penum.kendaraan', '1', 0, 1531491263, 1, NULL, NULL),
('2', 'penum.kendaraan', '2', 0, 1531491263, 1, NULL, NULL),
('2', 'penum.kendaraan', '3', 0, 1531491263, 1, NULL, NULL),
('2', 'penum.kendaraan', '4', 0, 1531491263, 1, NULL, NULL),
('2', 'penum.kendaraan', '5', 0, 1531491263, 1, NULL, NULL),
('2', 'penum.kendaraan', '6', 0, 1531491263, 1, NULL, NULL),
('2', 'penum.kendaraan', '7', 0, 1531491263, 1, NULL, NULL),
('2', 'penum.kendaraan', '8', 0, 1531491263, 1, NULL, NULL),
('2', 'penum.orang', '1', 0, 1531491263, 1, NULL, NULL),
('2', 'penum.orang', '2', 0, 1531491263, 1, NULL, NULL),
('2', 'penum.orang', '3', 0, 1531491263, 1, NULL, NULL),
('2', 'penum.paket', '1', 0, 1531491263, 1, NULL, NULL),
('2', 'penum.paket', '2', 0, 1531491263, 1, NULL, NULL),
('5', 'penum.kendaraan', '1', 0, 1531493223, 1, NULL, NULL),
('5', 'penum.kendaraan', '2', 0, 1531493223, 1, NULL, NULL),
('5', 'penum.kendaraan', '3', 0, 1531493223, 1, NULL, NULL),
('5', 'penum.kendaraan', '4', 0, 1531493223, 1, NULL, NULL),
('5', 'penum.kendaraan', '5', 0, 1531493223, 1, NULL, NULL),
('5', 'penum.kendaraan', '6', 0, 1531493223, 1, NULL, NULL),
('5', 'penum.kendaraan', '7', 0, 1531493223, 1, NULL, NULL),
('5', 'penum.kendaraan', '8', 0, 1531493223, 1, NULL, NULL),
('5', 'penum.orang', '1', 0, 1531493223, 1, NULL, NULL),
('5', 'penum.orang', '2', 0, 1531493223, 1, NULL, NULL),
('5', 'penum.orang', '3', 0, 1531493223, 1, NULL, NULL),
('5', 'penum.paket', '1', 0, 1531493223, 1, NULL, NULL),
('5', 'penum.paket', '2', 0, 1531493223, 1, NULL, NULL);

-- --------------------------------------------------------

--
-- Table structure for table `tbl_parameter`
--

CREATE TABLE IF NOT EXISTS `tbl_parameter` (
  `groups` varchar(50) NOT NULL DEFAULT '',
  `name` varchar(50) NOT NULL DEFAULT '',
  `id` tinyint(3) unsigned NOT NULL DEFAULT '0',
  `description` varchar(500) DEFAULT '',
  `notes` varchar(500) DEFAULT '',
  `notes2` varchar(200) NOT NULL DEFAULT '',
  `dt_created` int(11) unsigned NOT NULL DEFAULT '0',
  `by_created` int(3) unsigned NOT NULL DEFAULT '0',
  `dt_updated` int(11) unsigned DEFAULT '0',
  `by_updated` int(3) unsigned DEFAULT '0',
  PRIMARY KEY (`name`,`id`),
  KEY `description` (`description`)
) ENGINE=MyISAM DEFAULT CHARSET=latin1;

--
-- Dumping data for table `tbl_parameter`
--

INSERT INTO `tbl_parameter` (`groups`, `name`, `id`, `description`, `notes`, `notes2`, `dt_created`, `by_created`, `dt_updated`, `by_updated`) VALUES
('USER', 'user.group', 1, 'Super Administrator', ' ', '', 1167029552, 1, 1462941530, 1),
('USER', 'user.group', 2, 'Administrator', ' ', '', 1245512686, 1, 1530958326, 1),
('USER', 'user.group', 3, 'Kasir', ' ', '', 1245512712, 1, 1531494288, 1),
('USER', 'user.status', 2, 'Pending', '', '', 1531472493, 1, 1530958246, 1),
('PENUMPANG', 'penum.orang', 2, 'Anak Sekolah', '', '', 1531472212, 1, 1531475628, 1),
('PENUMPANG', 'penum.orang', 1, 'Dewasa', '', '', 1531472020, 1, 1531475618, 1),
('USER', 'user.group', 4, '-', ' ', '', 1245512735, 1, 1530958421, 1),
('USER', 'user.status', 3, 'Blocked', ' ', '', 1167227483, 1, 1530960360, 1),
('RUTE', 'rute.tujuan', 1, 'Tamba', '', '', 1531472493, 1, 1531476152, 1),
('RUTE', 'rute.tujuan', 2, 'Onan Sait', '', '', 1531471587, 1, 1531472493, 1),
('RUTE', 'rute.tujuan', 3, 'Parrauan', '', '', 1531471599, 1, 1531472493, 1),
('RUTE', 'rute.tujuan', 4, 'Dolok Martahan', '', '', 1531471611, 1, 1531472493, 1),
('RUTE', 'rute.tujuan', 5, 'Ransang Bosi', '', '', 1531471623, 1, 1531472493, 1),
('USER', 'user.status', 1, 'Active', '', '', 1531472493, 1, 1530958242, 1),
('USER', 'user.group', 5, '-', ' ', '', 1510823488, 1, 1530958320, 1),
('NAKHODA', 'daftar.nakhoda', 3, 'Nakhoda 3', '', '', 1531568996, 1, 0, 0),
('NAKHODA', 'daftar.nakhoda', 2, 'Nakhoda 2', '', '', 1531568989, 1, 0, 0),
('PENUMPANG', 'penum.orang', 3, 'Anak-anak', '', '', 1531472228, 1, 1531472493, 1),
('PENUMPANG', 'penum.kendaraan', 1, 'Golongan I	- Sepeda', '', '', 1531472368, 1, 1531472654, 1),
('PENUMPANG', 'penum.kendaraan', 2, 'Golongan II - Sepeda motor roda 2 dibawah 500 cc dan gerobak dorong \r\n', '', '', 1531472388, 1, 1531472642, 1),
('PENUMPANG', 'penum.kendaraan', 3, 'Golongan III - Motor besar diatas 500 cc dan kendaraan roda 3\r\n', '', '', 1531472411, 1, 1531472632, 1),
('PENUMPANG', 'penum.kendaraan', 4, 'Golongan IVa - kendaraan bermotor berupa mobil sedan, Jeep, minicap,  SUV, MPV, pick up, mobil box dan sejenisnya\r\n', '', '', 1531472437, 1, 1531472609, 1),
('PENUMPANG', 'penum.kendaraan', 5, 'Golongan IVb - mobil minibus dimensi 5 m dan sejenisnya', '', '', 1531472451, 1, 1531472621, 1),
('PENUMPANG', 'penum.kendaraan', 6, 'Golongan V - kendaraan bermotor berupa mobil bus, mobil barang (truck)/tangki dengan panjang 7-10 m dan sejenis\r\n', '', '', 1531472475, 1, 1531472594, 1),
('PENUMPANG', 'penum.kendaraan', 7, 'Golongan VI - kendaraan bermotor berupa mobil barang (truk tronton)/tangki, kereta penarikberikut gandengan serta kendaraan alat berat dengan panjang diatas 10 m dan sejenis\r\n', '', '', 1531472493, 1, 1531472581, 1),
('PENUMPANG', 'penum.kendaraan', 8, 'Golongan VII - alat berat wales, grader dan sejenisnya', '', '', 1531472568, 1, 1531472493, 1),
('PENUMPANG', 'penum.paket', 1, 'Barang', '', '', 1531472830, 1, 1531477042, 1),
('PENUMPANG', 'penum.paket', 2, 'Hewan', '', '', 1531472840, 1, 1531477046, 1),
('NAKHODA', 'daftar.nakhoda', 1, 'Nakhoda 1', ' ', '', 1167029552, 1, 1531568967, 1);

-- --------------------------------------------------------

--
-- Table structure for table `tbl_tiket`
--

CREATE TABLE IF NOT EXISTS `tbl_tiket` (
  `id_tiket` int(4) NOT NULL AUTO_INCREMENT,
  `id_tiket_grp` int(11) DEFAULT NULL,
  `tujuan_id` char(5) NOT NULL,
  `jenis_penumpang` char(20) DEFAULT NULL,
  `jenis_penumpang_id` int(11) NOT NULL,
  `tiket_nobat` int(11) NOT NULL,
  `tiket_nik` varchar(50) DEFAULT NULL,
  `tiket_nama` varchar(255) DEFAULT NULL,
  `nominal` double DEFAULT NULL,
  `keterangan` text,
  `dt_created` int(4) DEFAULT NULL,
  `created_by` int(4) DEFAULT NULL,
  `dt_updated` int(4) DEFAULT NULL,
  `updated_by` int(4) DEFAULT NULL,
  PRIMARY KEY (`id_tiket`)
) ENGINE=MyISAM  DEFAULT CHARSET=latin1 AUTO_INCREMENT=16 ;

--
-- Dumping data for table `tbl_tiket`
--

INSERT INTO `tbl_tiket` (`id_tiket`, `id_tiket_grp`, `tujuan_id`, `jenis_penumpang`, `jenis_penumpang_id`, `tiket_nobat`, `tiket_nik`, `tiket_nama`, `nominal`, `keterangan`, `dt_created`, `created_by`, `dt_updated`, `updated_by`) VALUES
(1, 4, '1', 'penum.orang', 1, 1, '33333', 'ggggggggg', 5000, NULL, NULL, NULL, NULL, NULL),
(2, 4, '1', 'penum.orang', 2, 1, '44444', 'hhhhhhhh', 3000, NULL, NULL, NULL, NULL, NULL),
(3, 4, '1', 'penum.orang', 1, 2, '888888', 'hhhhhh', 5000, NULL, NULL, NULL, NULL, NULL),
(4, 4, '1', 'penum.orang', 2, 2, '999999', 'jhjsdf fjjjjfds fsjdfhsdj', 3000, NULL, NULL, NULL, NULL, NULL),
(5, 4, '1', 'penum.orang', 1, 3, '8888', 'buuuuu', 5000, NULL, NULL, NULL, NULL, NULL),
(6, 4, '1', 'penum.orang', 2, 3, '234789237', 'jgjfdsg gufdsg u gufdsghufds ', 3000, NULL, NULL, NULL, NULL, NULL),
(7, 4, '1', 'penum.kendaraan', 7, 4, '934923', 'hdsfh ifasdk ifdahfk', 80000, NULL, NULL, NULL, NULL, NULL),
(8, 4, '1', 'penum.kendaraan', 8, 4, '548358', 'sdhf fsdkfj fdsjf kdagj', 100000, NULL, NULL, NULL, NULL, NULL),
(9, 4, '1', 'penum.orang', 1, 5, '324324', 'fdgfdsg', 5000, NULL, NULL, NULL, NULL, NULL),
(10, 6, '1', 'penum.orang', 1, 6, 'trt', 'tert', 5000, NULL, NULL, NULL, NULL, NULL),
(11, 6, '1', 'penum.orang', 1, 6, 'ert', 'erte', 5000, NULL, NULL, NULL, NULL, NULL),
(12, 6, '1', 'penum.orang', 1, 6, 'ertert', 'rte', 5000, NULL, NULL, NULL, NULL, NULL),
(13, 6, '1', 'penum.orang', 1, 7, '5435', '435', 5000, NULL, NULL, NULL, NULL, NULL),
(14, 6, '1', 'penum.orang', 2, 7, '345435', '34543', 3000, NULL, NULL, NULL, NULL, NULL),
(15, 8, '1', 'penum.orang', 1, 8, '-', 'nn', 5000, NULL, NULL, NULL, NULL, NULL);

-- --------------------------------------------------------

--
-- Table structure for table `tbl_tiket_grp`
--

CREATE TABLE IF NOT EXISTS `tbl_tiket_grp` (
  `id_tiket_grp` int(4) NOT NULL AUTO_INCREMENT,
  `no_tiket_grp` int(11) NOT NULL,
  `nakhoda_id` char(3) NOT NULL,
  `tanggal` date NOT NULL,
  `keterangan` text NOT NULL,
  `status` int(1) NOT NULL,
  `dt_created` int(4) DEFAULT NULL,
  `created_by` int(4) DEFAULT NULL,
  `dt_updated` int(4) DEFAULT NULL,
  `updated_by` int(4) DEFAULT NULL,
  PRIMARY KEY (`id_tiket_grp`),
  UNIQUE KEY `no_tiket_grp` (`no_tiket_grp`,`tanggal`)
) ENGINE=MyISAM  DEFAULT CHARSET=latin1 AUTO_INCREMENT=9 ;

--
-- Dumping data for table `tbl_tiket_grp`
--

INSERT INTO `tbl_tiket_grp` (`id_tiket_grp`, `no_tiket_grp`, `nakhoda_id`, `tanggal`, `keterangan`, `status`, `dt_created`, `created_by`, `dt_updated`, `updated_by`) VALUES
(1, 1, '1', '2018-07-15', '-', 1, 1531597979, 1, 1531598078, 1),
(2, 2, '2', '2018-07-15', '-', 1, 1531597986, 1, 1531598080, 1),
(3, 3, '1', '2018-07-15', '', 1, 1531598055, 1, 1531724969, 1),
(4, 4, '3', '2018-07-15', '', 1, 1531598133, 1, 1531728433, 1),
(5, 1, '1', '2018-07-16', '', 1, 1531728425, 1, 1531821551, 1),
(6, 1, '2', '2018-07-17', 'gfdg', 1, 1531821545, 1, 1531821666, 1),
(7, 2, '3', '2018-07-17', '', 1, 1531821670, 1, 1531822545, 2),
(8, 3, '2', '2018-07-17', 'xxx', 0, 1531822614, 2, NULL, NULL);

-- --------------------------------------------------------

--
-- Table structure for table `tbl_users`
--

CREATE TABLE IF NOT EXISTS `tbl_users` (
  `userID` int(11) NOT NULL AUTO_INCREMENT,
  `realName` varchar(30) DEFAULT NULL,
  `userName` varchar(30) NOT NULL DEFAULT '',
  `userPassword` varchar(100) DEFAULT NULL,
  `userDescription` varchar(100) DEFAULT NULL,
  `userGroup` tinyint(4) NOT NULL DEFAULT '0',
  `userStatus` tinyint(4) NOT NULL DEFAULT '0',
  `userHitCount` int(11) NOT NULL DEFAULT '0',
  `userLastLogin` int(13) NOT NULL DEFAULT '0',
  `userRegDate` int(13) NOT NULL DEFAULT '0',
  `userLastUpdate` int(13) NOT NULL DEFAULT '0',
  `statusLogin` enum('Log Off','Log On') NOT NULL DEFAULT 'Log Off',
  `kecamatan_id` varchar(30) DEFAULT NULL,
  `desa_id` varchar(20) NOT NULL,
  `accessDate` tinyint(1) DEFAULT '0',
  PRIMARY KEY (`userID`),
  UNIQUE KEY `userName` (`userName`)
) ENGINE=MyISAM  DEFAULT CHARSET=latin1 CHECKSUM=1 DELAY_KEY_WRITE=1 ROW_FORMAT=DYNAMIC AUTO_INCREMENT=3 ;

--
-- Dumping data for table `tbl_users`
--

INSERT INTO `tbl_users` (`userID`, `realName`, `userName`, `userPassword`, `userDescription`, `userGroup`, `userStatus`, `userHitCount`, `userLastLogin`, `userRegDate`, `userLastUpdate`, `statusLogin`, `kecamatan_id`, `desa_id`, `accessDate`) VALUES
(1, 'Berkat Junaidi Banurea', 'berkat', '323dc1b7bba0c8f1209b2a2e957becf4', '-', 1, 1, 60, 1531821505, 1462948963, 1531821871, 'Log On', '0000001', '001', 1),
(2, 'Administrator', 'admin', '827ccb0eea8a706c4c34a16891f84e7b', '-', 2, 1, 12, 1531822451, 1462948963, 1531823037, 'Log On', '0000001', '001', 1);

-- --------------------------------------------------------

--
-- Table structure for table `tbl_user_access`
--

CREATE TABLE IF NOT EXISTS `tbl_user_access` (
  `accessID` int(11) NOT NULL AUTO_INCREMENT,
  `groupID` int(11) NOT NULL DEFAULT '0',
  `functionID` int(11) NOT NULL DEFAULT '0',
  `action_1` int(1) NOT NULL DEFAULT '0',
  `action_2` int(1) NOT NULL DEFAULT '0',
  `action_3` int(1) NOT NULL DEFAULT '0',
  `action_4` int(1) NOT NULL DEFAULT '0',
  `action_5` int(1) NOT NULL DEFAULT '0',
  `deleted` char(1) NOT NULL DEFAULT 'N',
  PRIMARY KEY (`accessID`),
  UNIQUE KEY `groupID` (`groupID`,`functionID`)
) ENGINE=MyISAM  DEFAULT CHARSET=latin1 AUTO_INCREMENT=901 ;

--
-- Dumping data for table `tbl_user_access`
--

INSERT INTO `tbl_user_access` (`accessID`, `groupID`, `functionID`, `action_1`, `action_2`, `action_3`, `action_4`, `action_5`, `deleted`) VALUES
(1, 1, 1, 1, 1, 1, 1, 1, 'N'),
(2, 1, 2, 1, 1, 1, 1, 1, 'N'),
(3, 1, 3, 1, 1, 1, 1, 1, 'N'),
(4, 1, 4, 1, 1, 1, 1, 1, 'N'),
(5, 1, 5, 1, 1, 1, 1, 1, 'N'),
(6, 1, 6, 1, 1, 1, 1, 1, 'N'),
(7, 1, 7, 1, 1, 1, 1, 1, 'N'),
(8, 1, 8, 1, 1, 1, 1, 1, 'N'),
(9, 1, 9, 1, 1, 1, 1, 1, 'N'),
(10, 1, 10, 1, 1, 1, 1, 1, 'N'),
(11, 1, 11, 1, 1, 1, 1, 1, 'N'),
(12, 1, 12, 1, 1, 1, 1, 1, 'N'),
(13, 1, 13, 1, 1, 1, 1, 1, 'N'),
(14, 1, 14, 1, 1, 1, 1, 1, 'N'),
(15, 1, 15, 1, 1, 1, 1, 1, 'N'),
(16, 1, 16, 1, 1, 1, 1, 1, 'N'),
(17, 1, 17, 1, 1, 1, 1, 1, 'N'),
(18, 1, 18, 1, 1, 1, 1, 1, 'N'),
(19, 1, 19, 1, 1, 1, 1, 1, 'N'),
(20, 1, 20, 1, 1, 1, 1, 1, 'N'),
(21, 1, 21, 1, 1, 1, 1, 1, 'N'),
(22, 1, 22, 1, 1, 1, 1, 1, 'N'),
(23, 1, 23, 1, 1, 1, 1, 1, 'N'),
(24, 1, 24, 1, 1, 1, 1, 1, 'N'),
(25, 1, 25, 1, 1, 1, 1, 1, 'N'),
(26, 1, 26, 1, 1, 1, 1, 1, 'N'),
(27, 1, 27, 1, 1, 1, 1, 1, 'N'),
(28, 1, 28, 1, 1, 1, 1, 1, 'N'),
(29, 1, 29, 1, 1, 1, 1, 1, 'N'),
(30, 1, 30, 1, 1, 1, 1, 1, 'N'),
(31, 1, 31, 1, 1, 1, 1, 1, 'N'),
(32, 1, 32, 1, 1, 1, 1, 1, 'N'),
(33, 1, 33, 1, 1, 1, 1, 1, 'N'),
(34, 1, 34, 1, 1, 1, 1, 0, 'N'),
(35, 1, 35, 1, 1, 1, 1, 0, 'N'),
(36, 1, 36, 1, 1, 1, 1, 0, 'N'),
(37, 1, 37, 1, 1, 1, 1, 0, 'N'),
(38, 1, 38, 0, 0, 0, 0, 0, 'N'),
(39, 1, 39, 0, 0, 0, 0, 0, 'N'),
(40, 1, 40, 0, 0, 0, 0, 0, 'N'),
(41, 1, 41, 0, 0, 0, 0, 0, 'N'),
(42, 1, 42, 0, 0, 0, 0, 0, 'N'),
(43, 1, 43, 0, 0, 0, 0, 0, 'N'),
(44, 1, 44, 1, 1, 1, 1, 0, 'N'),
(45, 1, 45, 1, 1, 1, 1, 0, 'N'),
(46, 2, 1, 1, 0, 0, 0, 1, 'N'),
(47, 2, 2, 1, 1, 1, 1, 1, 'N'),
(48, 2, 3, 1, 1, 1, 1, 1, 'N'),
(49, 2, 4, 1, 1, 1, 1, 1, 'N'),
(50, 2, 5, 1, 1, 1, 1, 1, 'N'),
(51, 2, 6, 1, 1, 1, 1, 1, 'N'),
(52, 2, 7, 1, 1, 1, 1, 1, 'N'),
(53, 2, 8, 1, 1, 1, 1, 1, 'N'),
(54, 2, 9, 1, 1, 1, 1, 1, 'N'),
(55, 2, 10, 1, 1, 1, 1, 1, 'N'),
(56, 2, 11, 1, 1, 1, 1, 1, 'N'),
(57, 2, 12, 1, 1, 1, 1, 1, 'N'),
(58, 2, 13, 1, 0, 0, 0, 1, 'N'),
(59, 2, 14, 1, 0, 0, 0, 1, 'N'),
(60, 2, 15, 1, 0, 0, 0, 1, 'N'),
(61, 2, 16, 1, 0, 0, 0, 1, 'N'),
(62, 2, 17, 1, 0, 0, 0, 1, 'N'),
(63, 2, 18, 1, 0, 0, 0, 1, 'N'),
(64, 2, 19, 1, 0, 0, 0, 1, 'N'),
(65, 2, 20, 1, 0, 0, 0, 1, 'N'),
(66, 2, 21, 1, 0, 0, 0, 1, 'N'),
(67, 2, 22, 1, 0, 0, 0, 1, 'N'),
(68, 2, 23, 1, 0, 0, 0, 1, 'N'),
(69, 2, 24, 1, 0, 0, 0, 1, 'N'),
(70, 2, 25, 1, 0, 0, 0, 1, 'N'),
(71, 2, 26, 1, 0, 0, 0, 1, 'N'),
(72, 2, 27, 1, 0, 0, 0, 1, 'N'),
(73, 2, 28, 1, 0, 0, 0, 1, 'N'),
(74, 2, 29, 1, 0, 0, 0, 1, 'N'),
(75, 2, 30, 1, 0, 0, 0, 1, 'N'),
(76, 2, 31, 1, 0, 0, 0, 1, 'N'),
(77, 2, 32, 1, 0, 0, 0, 1, 'N'),
(78, 2, 33, 1, 0, 0, 0, 1, 'N'),
(79, 2, 34, 0, 0, 0, 0, 0, 'N'),
(80, 2, 35, 0, 0, 0, 0, 0, 'N'),
(81, 2, 36, 0, 0, 0, 0, 0, 'N'),
(82, 2, 37, 0, 0, 0, 0, 0, 'N'),
(83, 2, 38, 0, 0, 0, 0, 0, 'N'),
(84, 2, 39, 0, 0, 0, 0, 0, 'N'),
(85, 2, 40, 0, 0, 0, 0, 0, 'N'),
(86, 2, 41, 0, 0, 0, 0, 0, 'N'),
(87, 2, 42, 0, 0, 0, 0, 0, 'N'),
(88, 2, 43, 0, 0, 0, 0, 0, 'N'),
(89, 2, 44, 0, 0, 0, 0, 0, 'N'),
(90, 2, 45, 0, 0, 0, 0, 0, 'N'),
(91, 3, 1, 0, 0, 0, 0, 1, 'N'),
(92, 3, 2, 0, 0, 0, 0, 1, 'N'),
(93, 3, 3, 0, 0, 0, 0, 1, 'N'),
(94, 3, 4, 0, 0, 0, 0, 1, 'N'),
(95, 3, 5, 0, 0, 0, 0, 1, 'N'),
(96, 3, 6, 0, 0, 0, 0, 1, 'N'),
(97, 3, 7, 0, 0, 0, 0, 1, 'N'),
(98, 3, 8, 0, 0, 0, 0, 1, 'N'),
(99, 3, 9, 0, 0, 0, 0, 1, 'N'),
(100, 3, 10, 0, 0, 0, 0, 1, 'N'),
(101, 3, 11, 0, 0, 0, 0, 1, 'N'),
(102, 3, 12, 0, 0, 0, 0, 1, 'N'),
(103, 3, 13, 0, 0, 0, 0, 1, 'N'),
(104, 3, 14, 0, 0, 0, 0, 1, 'N'),
(105, 3, 15, 0, 0, 0, 0, 1, 'N'),
(106, 3, 16, 0, 0, 0, 0, 1, 'N'),
(107, 3, 17, 0, 0, 0, 0, 1, 'N'),
(108, 3, 18, 0, 0, 0, 0, 1, 'N'),
(109, 3, 19, 0, 0, 0, 0, 1, 'N'),
(110, 3, 20, 0, 0, 0, 0, 1, 'N'),
(111, 3, 21, 0, 0, 0, 0, 1, 'N'),
(112, 3, 22, 0, 0, 0, 0, 1, 'N'),
(113, 3, 23, 0, 0, 0, 0, 1, 'N'),
(114, 3, 24, 0, 0, 0, 0, 1, 'N'),
(115, 3, 25, 0, 0, 0, 0, 1, 'N'),
(116, 3, 26, 0, 0, 0, 0, 1, 'N'),
(117, 3, 27, 0, 0, 0, 0, 1, 'N'),
(118, 3, 28, 0, 0, 0, 0, 1, 'N'),
(119, 3, 29, 0, 0, 0, 0, 1, 'N'),
(120, 3, 30, 0, 0, 0, 0, 1, 'N'),
(121, 3, 31, 0, 0, 0, 0, 1, 'N'),
(122, 3, 32, 0, 0, 0, 0, 1, 'N'),
(123, 3, 33, 0, 0, 0, 0, 1, 'N'),
(124, 3, 34, 0, 0, 0, 0, 0, 'N'),
(125, 3, 35, 0, 0, 0, 0, 0, 'N'),
(126, 3, 36, 0, 0, 0, 0, 0, 'N'),
(127, 3, 37, 0, 0, 0, 0, 0, 'N'),
(128, 3, 38, 0, 0, 0, 0, 0, 'N'),
(129, 3, 39, 0, 0, 0, 0, 0, 'N'),
(130, 3, 40, 0, 0, 0, 0, 0, 'N'),
(131, 3, 41, 0, 0, 0, 0, 0, 'N'),
(132, 3, 42, 0, 0, 0, 0, 0, 'N'),
(133, 3, 43, 0, 0, 0, 0, 0, 'N'),
(134, 3, 44, 0, 0, 0, 0, 0, 'N'),
(135, 3, 45, 0, 0, 0, 0, 0, 'N'),
(136, 4, 1, 0, 0, 0, 0, 1, 'N'),
(137, 4, 2, 0, 0, 0, 0, 1, 'N'),
(138, 4, 3, 0, 0, 0, 0, 1, 'N'),
(139, 4, 4, 0, 0, 0, 0, 1, 'N'),
(140, 4, 5, 0, 0, 0, 0, 1, 'N'),
(141, 4, 6, 0, 0, 0, 0, 1, 'N'),
(142, 4, 7, 0, 0, 0, 0, 1, 'N'),
(143, 4, 8, 0, 0, 0, 0, 1, 'N'),
(144, 4, 9, 0, 0, 0, 0, 0, 'N'),
(145, 4, 10, 0, 0, 0, 0, 0, 'N'),
(146, 4, 11, 0, 0, 0, 0, 0, 'N'),
(147, 4, 12, 0, 0, 0, 0, 0, 'N'),
(148, 4, 13, 0, 0, 0, 0, 0, 'N'),
(149, 4, 14, 0, 0, 0, 0, 0, 'N'),
(150, 4, 15, 0, 0, 0, 0, 0, 'N'),
(151, 4, 16, 0, 0, 0, 0, 0, 'N'),
(152, 4, 17, 0, 0, 0, 0, 0, 'N'),
(153, 4, 18, 0, 0, 0, 0, 0, 'N'),
(154, 4, 19, 0, 0, 0, 0, 0, 'N'),
(155, 4, 20, 0, 0, 0, 0, 0, 'N'),
(156, 4, 21, 0, 0, 0, 0, 0, 'N'),
(157, 4, 22, 0, 0, 0, 0, 0, 'N'),
(158, 4, 23, 0, 0, 0, 0, 0, 'N'),
(159, 4, 24, 0, 0, 0, 0, 0, 'N'),
(160, 4, 25, 0, 0, 0, 0, 0, 'N'),
(161, 4, 26, 0, 0, 0, 0, 0, 'N'),
(162, 4, 27, 0, 0, 0, 0, 0, 'N'),
(163, 4, 28, 0, 0, 0, 0, 0, 'N'),
(164, 4, 29, 0, 0, 0, 0, 0, 'N'),
(165, 4, 30, 0, 0, 0, 0, 0, 'N'),
(166, 4, 31, 0, 0, 0, 0, 0, 'N'),
(167, 4, 32, 0, 0, 0, 0, 0, 'N'),
(168, 4, 33, 0, 0, 0, 0, 0, 'N'),
(169, 4, 34, 0, 0, 0, 0, 0, 'N'),
(170, 4, 35, 0, 0, 0, 0, 0, 'N'),
(171, 4, 36, 0, 0, 0, 0, 0, 'N'),
(172, 4, 37, 0, 0, 0, 0, 0, 'N'),
(173, 4, 38, 0, 0, 0, 0, 0, 'N'),
(174, 4, 39, 0, 0, 0, 0, 0, 'N'),
(175, 4, 40, 0, 0, 0, 0, 0, 'N'),
(176, 4, 41, 0, 0, 0, 0, 0, 'N'),
(177, 4, 42, 0, 0, 0, 0, 0, 'N'),
(178, 4, 43, 0, 0, 0, 0, 0, 'N'),
(179, 4, 44, 0, 0, 0, 0, 0, 'N'),
(180, 4, 45, 0, 0, 0, 0, 0, 'N'),
(181, 5, 1, 0, 0, 0, 0, 1, 'N'),
(182, 5, 2, 0, 0, 0, 0, 1, 'N'),
(183, 5, 3, 0, 0, 0, 0, 1, 'N'),
(184, 5, 4, 0, 0, 0, 0, 1, 'N'),
(185, 5, 5, 0, 0, 0, 0, 1, 'N'),
(186, 5, 6, 0, 0, 0, 0, 1, 'N'),
(187, 5, 7, 0, 0, 0, 0, 1, 'N'),
(188, 5, 8, 0, 0, 0, 0, 1, 'N'),
(189, 5, 9, 0, 0, 0, 0, 0, 'N'),
(190, 5, 10, 0, 0, 0, 0, 0, 'N'),
(191, 5, 11, 0, 0, 0, 0, 0, 'N'),
(192, 5, 12, 0, 0, 0, 0, 0, 'N'),
(193, 5, 13, 0, 0, 0, 0, 0, 'N'),
(194, 5, 14, 0, 0, 0, 0, 0, 'N'),
(195, 5, 15, 0, 0, 0, 0, 0, 'N'),
(196, 5, 16, 0, 0, 0, 0, 0, 'N'),
(197, 5, 17, 0, 0, 0, 0, 0, 'N'),
(198, 5, 18, 0, 0, 0, 0, 0, 'N'),
(199, 5, 19, 0, 0, 0, 0, 0, 'N'),
(200, 5, 20, 0, 0, 0, 0, 0, 'N'),
(201, 5, 21, 0, 0, 0, 0, 0, 'N'),
(202, 5, 22, 0, 0, 0, 0, 0, 'N'),
(203, 5, 23, 0, 0, 0, 0, 0, 'N'),
(204, 5, 24, 0, 0, 0, 0, 0, 'N'),
(205, 5, 25, 0, 0, 0, 0, 0, 'N'),
(206, 5, 26, 0, 0, 0, 0, 0, 'N'),
(207, 5, 27, 0, 0, 0, 0, 0, 'N'),
(208, 5, 28, 0, 0, 0, 0, 0, 'N'),
(209, 5, 29, 0, 0, 0, 0, 0, 'N'),
(210, 5, 30, 0, 0, 0, 0, 0, 'N'),
(211, 5, 31, 0, 0, 0, 0, 0, 'N'),
(212, 5, 32, 0, 0, 0, 0, 0, 'N'),
(213, 5, 33, 0, 0, 0, 0, 0, 'N'),
(214, 5, 34, 0, 0, 0, 0, 0, 'N'),
(215, 5, 35, 0, 0, 0, 0, 0, 'N'),
(216, 5, 36, 0, 0, 0, 0, 0, 'N'),
(217, 5, 37, 0, 0, 0, 0, 0, 'N'),
(218, 5, 38, 0, 0, 0, 0, 0, 'N'),
(219, 5, 39, 0, 0, 0, 0, 0, 'N'),
(220, 5, 40, 0, 0, 0, 0, 0, 'N'),
(221, 5, 41, 0, 0, 0, 0, 0, 'N'),
(222, 5, 42, 0, 0, 0, 0, 0, 'N'),
(223, 5, 43, 0, 0, 0, 0, 0, 'N'),
(224, 5, 44, 0, 0, 0, 0, 0, 'N'),
(225, 5, 45, 0, 0, 0, 0, 0, 'N'),
(226, 6, 1, 0, 0, 0, 0, 0, 'N'),
(227, 6, 2, 0, 0, 0, 0, 0, 'N'),
(228, 6, 3, 0, 0, 0, 0, 0, 'N'),
(229, 6, 4, 0, 0, 0, 0, 0, 'N'),
(230, 6, 5, 0, 0, 0, 0, 0, 'N'),
(231, 6, 6, 0, 0, 0, 0, 0, 'N'),
(232, 6, 7, 0, 0, 0, 0, 0, 'N'),
(233, 6, 8, 0, 0, 0, 0, 0, 'N'),
(234, 6, 9, 0, 0, 0, 0, 0, 'N'),
(235, 6, 10, 0, 0, 0, 0, 0, 'N'),
(236, 6, 11, 0, 0, 0, 0, 0, 'N'),
(237, 6, 12, 0, 0, 0, 0, 0, 'N'),
(238, 6, 13, 0, 0, 0, 0, 0, 'N'),
(239, 6, 14, 0, 0, 0, 0, 0, 'N'),
(240, 6, 15, 0, 0, 0, 0, 0, 'N'),
(241, 6, 16, 0, 0, 0, 0, 0, 'N'),
(242, 6, 17, 0, 0, 0, 0, 0, 'N'),
(243, 6, 18, 0, 0, 0, 0, 0, 'N'),
(244, 6, 19, 0, 0, 0, 0, 0, 'N'),
(245, 6, 20, 0, 0, 0, 0, 0, 'N'),
(246, 6, 21, 0, 0, 0, 0, 0, 'N'),
(247, 6, 22, 0, 0, 0, 0, 0, 'N'),
(248, 6, 23, 0, 0, 0, 0, 0, 'N'),
(249, 6, 24, 0, 0, 0, 0, 0, 'N'),
(250, 6, 25, 0, 0, 0, 0, 0, 'N'),
(251, 6, 26, 0, 0, 0, 0, 0, 'N'),
(252, 6, 27, 0, 0, 0, 0, 0, 'N'),
(253, 6, 28, 0, 0, 0, 0, 0, 'N'),
(254, 6, 29, 0, 0, 0, 0, 0, 'N'),
(255, 6, 30, 0, 0, 0, 0, 0, 'N'),
(256, 6, 31, 0, 0, 0, 0, 0, 'N'),
(257, 6, 32, 0, 0, 0, 0, 0, 'N'),
(258, 6, 33, 0, 0, 0, 0, 0, 'N'),
(259, 6, 34, 0, 0, 0, 0, 0, 'N'),
(260, 6, 35, 0, 0, 0, 0, 0, 'N'),
(261, 6, 36, 0, 0, 0, 0, 0, 'N'),
(262, 6, 37, 0, 0, 0, 0, 0, 'N'),
(263, 6, 38, 0, 0, 0, 0, 0, 'N'),
(264, 6, 39, 0, 0, 0, 0, 0, 'N'),
(265, 6, 40, 0, 0, 0, 0, 0, 'N'),
(266, 6, 41, 0, 0, 0, 0, 0, 'N'),
(267, 6, 42, 0, 0, 0, 0, 0, 'N'),
(268, 6, 43, 0, 0, 0, 0, 0, 'N'),
(269, 6, 44, 0, 0, 0, 0, 0, 'N'),
(270, 6, 45, 0, 0, 0, 0, 0, 'N'),
(271, 7, 1, 0, 0, 0, 0, 1, 'N'),
(272, 7, 2, 0, 0, 0, 0, 1, 'N'),
(273, 7, 3, 0, 0, 0, 0, 1, 'N'),
(274, 7, 4, 0, 0, 0, 0, 1, 'N'),
(275, 7, 5, 0, 0, 0, 0, 1, 'N'),
(276, 7, 6, 0, 0, 0, 0, 1, 'N'),
(277, 7, 7, 0, 0, 0, 0, 1, 'N'),
(278, 7, 8, 0, 0, 0, 0, 1, 'N'),
(279, 7, 9, 0, 0, 0, 0, 1, 'N'),
(280, 7, 10, 0, 0, 0, 0, 1, 'N'),
(281, 7, 11, 0, 0, 0, 0, 1, 'N'),
(282, 7, 12, 0, 0, 0, 0, 1, 'N'),
(283, 7, 13, 0, 0, 0, 0, 1, 'N'),
(284, 7, 14, 0, 0, 0, 0, 1, 'N'),
(285, 7, 15, 0, 0, 0, 0, 1, 'N'),
(286, 7, 16, 0, 0, 0, 0, 1, 'N'),
(287, 7, 17, 0, 0, 0, 0, 1, 'N'),
(288, 7, 18, 0, 0, 0, 0, 1, 'N'),
(289, 7, 19, 0, 0, 0, 0, 1, 'N'),
(290, 7, 20, 0, 0, 0, 0, 1, 'N'),
(291, 7, 21, 0, 0, 0, 0, 1, 'N'),
(292, 7, 22, 0, 0, 0, 0, 1, 'N'),
(293, 7, 23, 0, 0, 0, 0, 1, 'N'),
(294, 7, 24, 0, 0, 0, 0, 1, 'N'),
(295, 7, 25, 0, 0, 0, 0, 1, 'N'),
(296, 7, 26, 0, 0, 0, 0, 1, 'N'),
(297, 7, 27, 0, 0, 0, 0, 1, 'N'),
(298, 7, 28, 0, 0, 0, 0, 1, 'N'),
(299, 7, 29, 0, 0, 0, 0, 1, 'N'),
(300, 7, 30, 0, 0, 0, 0, 1, 'N'),
(301, 7, 31, 0, 0, 0, 0, 1, 'N'),
(302, 7, 32, 0, 0, 0, 0, 1, 'N'),
(303, 7, 33, 0, 0, 0, 0, 1, 'N'),
(304, 7, 34, 0, 0, 0, 0, 0, 'N'),
(305, 7, 35, 0, 0, 0, 0, 0, 'N'),
(306, 7, 36, 0, 0, 0, 0, 0, 'N'),
(307, 7, 37, 0, 0, 0, 0, 0, 'N'),
(308, 7, 38, 0, 0, 0, 0, 0, 'N'),
(309, 7, 39, 0, 0, 0, 0, 0, 'N'),
(310, 7, 40, 0, 0, 0, 0, 0, 'N'),
(311, 7, 41, 0, 0, 0, 0, 0, 'N'),
(312, 7, 42, 0, 0, 0, 0, 0, 'N'),
(313, 7, 43, 0, 0, 0, 0, 0, 'N'),
(314, 7, 44, 0, 0, 0, 0, 0, 'N'),
(315, 7, 45, 0, 0, 0, 0, 0, 'N'),
(316, 8, 1, 0, 0, 0, 0, 0, 'N'),
(317, 8, 2, 0, 0, 0, 0, 0, 'N'),
(318, 8, 3, 0, 0, 0, 0, 0, 'N'),
(319, 8, 4, 0, 0, 0, 0, 0, 'N'),
(320, 8, 5, 0, 0, 0, 0, 0, 'N'),
(321, 8, 6, 0, 0, 0, 0, 0, 'N'),
(322, 8, 7, 0, 0, 0, 0, 0, 'N'),
(323, 8, 8, 0, 0, 0, 0, 0, 'N'),
(324, 8, 9, 0, 0, 0, 0, 0, 'N'),
(325, 8, 10, 0, 0, 0, 0, 0, 'N'),
(326, 8, 11, 0, 0, 0, 0, 0, 'N'),
(327, 8, 12, 0, 0, 0, 0, 0, 'N'),
(328, 8, 13, 0, 0, 0, 0, 0, 'N'),
(329, 8, 14, 0, 0, 0, 0, 0, 'N'),
(330, 8, 15, 0, 0, 0, 0, 0, 'N'),
(331, 8, 16, 0, 0, 0, 0, 0, 'N'),
(332, 8, 17, 0, 0, 0, 0, 0, 'N'),
(333, 8, 18, 0, 0, 0, 0, 0, 'N'),
(334, 8, 19, 0, 0, 0, 0, 0, 'N'),
(335, 8, 20, 0, 0, 0, 0, 0, 'N'),
(336, 8, 21, 0, 0, 0, 0, 0, 'N'),
(337, 8, 22, 0, 0, 0, 0, 0, 'N'),
(338, 8, 23, 0, 0, 0, 0, 0, 'N'),
(339, 8, 24, 0, 0, 0, 0, 0, 'N'),
(340, 8, 25, 0, 0, 0, 0, 0, 'N'),
(341, 8, 26, 0, 0, 0, 0, 0, 'N'),
(342, 8, 27, 0, 0, 0, 0, 0, 'N'),
(343, 8, 28, 0, 0, 0, 0, 0, 'N'),
(344, 8, 29, 0, 0, 0, 0, 0, 'N'),
(345, 8, 30, 0, 0, 0, 0, 0, 'N'),
(346, 8, 31, 0, 0, 0, 0, 0, 'N'),
(347, 8, 32, 0, 0, 0, 0, 0, 'N'),
(348, 8, 33, 0, 0, 0, 0, 0, 'N'),
(349, 8, 34, 0, 0, 0, 0, 0, 'N'),
(350, 8, 35, 0, 0, 0, 0, 0, 'N'),
(351, 8, 36, 0, 0, 0, 0, 0, 'N'),
(352, 8, 37, 0, 0, 0, 0, 0, 'N'),
(353, 8, 38, 0, 0, 0, 0, 0, 'N'),
(354, 8, 39, 0, 0, 0, 0, 0, 'N'),
(355, 8, 40, 0, 0, 0, 0, 0, 'N'),
(356, 8, 41, 0, 0, 0, 0, 0, 'N'),
(357, 8, 42, 0, 0, 0, 0, 0, 'N'),
(358, 8, 43, 0, 0, 0, 0, 0, 'N'),
(359, 8, 44, 0, 0, 0, 0, 0, 'N'),
(360, 8, 45, 0, 0, 0, 0, 0, 'N'),
(361, 9, 1, 0, 0, 0, 0, 0, 'N'),
(362, 9, 2, 0, 0, 0, 0, 0, 'N'),
(363, 9, 3, 0, 0, 0, 0, 0, 'N'),
(364, 9, 4, 0, 0, 0, 0, 0, 'N'),
(365, 9, 5, 0, 0, 0, 0, 0, 'N'),
(366, 9, 6, 0, 0, 0, 0, 0, 'N'),
(367, 9, 7, 0, 0, 0, 0, 0, 'N'),
(368, 9, 8, 0, 0, 0, 0, 0, 'N'),
(369, 9, 9, 0, 0, 0, 0, 0, 'N'),
(370, 9, 10, 0, 0, 0, 0, 0, 'N'),
(371, 9, 11, 0, 0, 0, 0, 0, 'N'),
(372, 9, 12, 0, 0, 0, 0, 0, 'N'),
(373, 9, 13, 0, 0, 0, 0, 0, 'N'),
(374, 9, 14, 0, 0, 0, 0, 0, 'N'),
(375, 9, 15, 0, 0, 0, 0, 0, 'N'),
(376, 9, 16, 0, 0, 0, 0, 0, 'N'),
(377, 9, 17, 0, 0, 0, 0, 0, 'N'),
(378, 9, 18, 0, 0, 0, 0, 0, 'N'),
(379, 9, 19, 0, 0, 0, 0, 0, 'N'),
(380, 9, 20, 0, 0, 0, 0, 0, 'N'),
(381, 9, 21, 0, 0, 0, 0, 0, 'N'),
(382, 9, 22, 0, 0, 0, 0, 0, 'N'),
(383, 9, 23, 0, 0, 0, 0, 0, 'N'),
(384, 9, 24, 0, 0, 0, 0, 0, 'N'),
(385, 9, 25, 0, 0, 0, 0, 0, 'N'),
(386, 9, 26, 0, 0, 0, 0, 0, 'N'),
(387, 9, 27, 0, 0, 0, 0, 0, 'N'),
(388, 9, 28, 0, 0, 0, 0, 0, 'N'),
(389, 9, 29, 0, 0, 0, 0, 0, 'N'),
(390, 9, 30, 0, 0, 0, 0, 0, 'N'),
(391, 9, 31, 0, 0, 0, 0, 0, 'N'),
(392, 9, 32, 0, 0, 0, 0, 0, 'N'),
(393, 9, 33, 0, 0, 0, 0, 0, 'N'),
(394, 9, 34, 0, 0, 0, 0, 0, 'N'),
(395, 9, 35, 0, 0, 0, 0, 0, 'N'),
(396, 9, 36, 0, 0, 0, 0, 0, 'N'),
(397, 9, 37, 0, 0, 0, 0, 0, 'N'),
(398, 9, 38, 0, 0, 0, 0, 0, 'N'),
(399, 9, 39, 0, 0, 0, 0, 0, 'N'),
(400, 9, 40, 0, 0, 0, 0, 0, 'N'),
(401, 9, 41, 0, 0, 0, 0, 0, 'N'),
(402, 9, 42, 0, 0, 0, 0, 0, 'N'),
(403, 9, 43, 0, 0, 0, 0, 0, 'N'),
(404, 9, 44, 0, 0, 0, 0, 0, 'N'),
(405, 9, 45, 0, 0, 0, 0, 0, 'N'),
(406, 10, 1, 0, 0, 0, 0, 0, 'N'),
(407, 10, 2, 0, 0, 0, 0, 0, 'N'),
(408, 10, 3, 0, 0, 0, 0, 0, 'N'),
(409, 10, 4, 0, 0, 0, 0, 0, 'N'),
(410, 10, 5, 0, 0, 0, 0, 0, 'N'),
(411, 10, 6, 0, 0, 0, 0, 0, 'N'),
(412, 10, 7, 0, 0, 0, 0, 0, 'N'),
(413, 10, 8, 0, 0, 0, 0, 0, 'N'),
(414, 10, 9, 0, 0, 0, 0, 0, 'N'),
(415, 10, 10, 0, 0, 0, 0, 0, 'N'),
(416, 10, 11, 0, 0, 0, 0, 0, 'N'),
(417, 10, 12, 0, 0, 0, 0, 0, 'N'),
(418, 10, 13, 0, 0, 0, 0, 0, 'N'),
(419, 10, 14, 0, 0, 0, 0, 0, 'N'),
(420, 10, 15, 0, 0, 0, 0, 0, 'N'),
(421, 10, 16, 0, 0, 0, 0, 0, 'N'),
(422, 10, 17, 0, 0, 0, 0, 0, 'N'),
(423, 10, 18, 0, 0, 0, 0, 0, 'N'),
(424, 10, 19, 0, 0, 0, 0, 0, 'N'),
(425, 10, 20, 0, 0, 0, 0, 0, 'N'),
(426, 10, 21, 0, 0, 0, 0, 0, 'N'),
(427, 10, 22, 0, 0, 0, 0, 0, 'N'),
(428, 10, 23, 0, 0, 0, 0, 0, 'N'),
(429, 10, 24, 0, 0, 0, 0, 0, 'N'),
(430, 10, 25, 0, 0, 0, 0, 0, 'N'),
(431, 10, 26, 0, 0, 0, 0, 0, 'N'),
(432, 10, 27, 0, 0, 0, 0, 0, 'N'),
(433, 10, 28, 0, 0, 0, 0, 0, 'N'),
(434, 10, 29, 0, 0, 0, 0, 0, 'N'),
(435, 10, 30, 0, 0, 0, 0, 0, 'N'),
(436, 10, 31, 0, 0, 0, 0, 0, 'N'),
(437, 10, 32, 0, 0, 0, 0, 0, 'N'),
(438, 10, 33, 0, 0, 0, 0, 0, 'N'),
(439, 10, 34, 0, 0, 0, 0, 0, 'N'),
(440, 10, 35, 0, 0, 0, 0, 0, 'N'),
(441, 10, 36, 0, 0, 0, 0, 0, 'N'),
(442, 10, 37, 0, 0, 0, 0, 0, 'N'),
(443, 10, 38, 0, 0, 0, 0, 0, 'N'),
(444, 10, 39, 0, 0, 0, 0, 0, 'N'),
(445, 10, 40, 0, 0, 0, 0, 0, 'N'),
(446, 10, 41, 0, 0, 0, 0, 0, 'N'),
(447, 10, 42, 0, 0, 0, 0, 0, 'N'),
(448, 10, 43, 0, 0, 0, 0, 0, 'N'),
(449, 10, 44, 0, 0, 0, 0, 0, 'N'),
(450, 10, 45, 0, 0, 0, 0, 0, 'N'),
(451, 11, 1, 0, 0, 0, 0, 0, 'N'),
(452, 11, 2, 0, 0, 0, 0, 0, 'N'),
(453, 11, 3, 0, 0, 0, 0, 0, 'N'),
(454, 11, 4, 0, 0, 0, 0, 0, 'N'),
(455, 11, 5, 0, 0, 0, 0, 0, 'N'),
(456, 11, 6, 0, 0, 0, 0, 0, 'N'),
(457, 11, 7, 0, 0, 0, 0, 0, 'N'),
(458, 11, 8, 0, 0, 0, 0, 0, 'N'),
(459, 11, 9, 0, 0, 0, 0, 0, 'N'),
(460, 11, 10, 0, 0, 0, 0, 0, 'N'),
(461, 11, 11, 0, 0, 0, 0, 0, 'N'),
(462, 11, 12, 0, 0, 0, 0, 0, 'N'),
(463, 11, 13, 0, 0, 0, 0, 0, 'N'),
(464, 11, 14, 0, 0, 0, 0, 0, 'N'),
(465, 11, 15, 0, 0, 0, 0, 0, 'N'),
(466, 11, 16, 0, 0, 0, 0, 0, 'N'),
(467, 11, 17, 0, 0, 0, 0, 0, 'N'),
(468, 11, 18, 0, 0, 0, 0, 0, 'N'),
(469, 11, 19, 0, 0, 0, 0, 0, 'N'),
(470, 11, 20, 0, 0, 0, 0, 0, 'N'),
(471, 11, 21, 0, 0, 0, 0, 0, 'N'),
(472, 11, 22, 0, 0, 0, 0, 0, 'N'),
(473, 11, 23, 0, 0, 0, 0, 0, 'N'),
(474, 11, 24, 0, 0, 0, 0, 0, 'N'),
(475, 11, 25, 0, 0, 0, 0, 0, 'N'),
(476, 11, 26, 0, 0, 0, 0, 0, 'N'),
(477, 11, 27, 0, 0, 0, 0, 0, 'N'),
(478, 11, 28, 0, 0, 0, 0, 0, 'N'),
(479, 11, 29, 0, 0, 0, 0, 0, 'N'),
(480, 11, 30, 0, 0, 0, 0, 0, 'N'),
(481, 11, 31, 0, 0, 0, 0, 0, 'N'),
(482, 11, 32, 0, 0, 0, 0, 0, 'N'),
(483, 11, 33, 0, 0, 0, 0, 0, 'N'),
(484, 11, 34, 0, 0, 0, 0, 0, 'N'),
(485, 11, 35, 0, 0, 0, 0, 0, 'N'),
(486, 11, 36, 0, 0, 0, 0, 0, 'N'),
(487, 11, 37, 0, 0, 0, 0, 0, 'N'),
(488, 11, 38, 0, 0, 0, 0, 0, 'N'),
(489, 11, 39, 0, 0, 0, 0, 0, 'N'),
(490, 11, 40, 0, 0, 0, 0, 0, 'N'),
(491, 11, 41, 0, 0, 0, 0, 0, 'N'),
(492, 11, 42, 0, 0, 0, 0, 0, 'N'),
(493, 11, 43, 0, 0, 0, 0, 0, 'N'),
(494, 11, 44, 0, 0, 0, 0, 0, 'N'),
(495, 11, 45, 0, 0, 0, 0, 0, 'N'),
(496, 12, 1, 0, 0, 0, 0, 0, 'N'),
(497, 12, 2, 0, 0, 0, 0, 0, 'N'),
(498, 12, 3, 0, 0, 0, 0, 0, 'N'),
(499, 12, 4, 0, 0, 0, 0, 0, 'N'),
(500, 12, 5, 0, 0, 0, 0, 0, 'N'),
(501, 12, 6, 0, 0, 0, 0, 0, 'N'),
(502, 12, 7, 0, 0, 0, 0, 0, 'N'),
(503, 12, 8, 0, 0, 0, 0, 0, 'N'),
(504, 12, 9, 0, 0, 0, 0, 0, 'N'),
(505, 12, 10, 0, 0, 0, 0, 0, 'N'),
(506, 12, 11, 0, 0, 0, 0, 0, 'N'),
(507, 12, 12, 0, 0, 0, 0, 0, 'N'),
(508, 12, 13, 0, 0, 0, 0, 0, 'N'),
(509, 12, 14, 0, 0, 0, 0, 0, 'N'),
(510, 12, 15, 0, 0, 0, 0, 0, 'N'),
(511, 12, 16, 0, 0, 0, 0, 0, 'N'),
(512, 12, 17, 0, 0, 0, 0, 0, 'N'),
(513, 12, 18, 0, 0, 0, 0, 0, 'N'),
(514, 12, 19, 0, 0, 0, 0, 0, 'N'),
(515, 12, 20, 0, 0, 0, 0, 0, 'N'),
(516, 12, 21, 0, 0, 0, 0, 0, 'N'),
(517, 12, 22, 0, 0, 0, 0, 0, 'N'),
(518, 12, 23, 0, 0, 0, 0, 0, 'N'),
(519, 12, 24, 0, 0, 0, 0, 0, 'N'),
(520, 12, 25, 0, 0, 0, 0, 0, 'N'),
(521, 12, 26, 0, 0, 0, 0, 0, 'N'),
(522, 12, 27, 0, 0, 0, 0, 0, 'N'),
(523, 12, 28, 0, 0, 0, 0, 0, 'N'),
(524, 12, 29, 0, 0, 0, 0, 0, 'N'),
(525, 12, 30, 0, 0, 0, 0, 0, 'N'),
(526, 12, 31, 0, 0, 0, 0, 0, 'N'),
(527, 12, 32, 0, 0, 0, 0, 0, 'N'),
(528, 12, 33, 0, 0, 0, 0, 0, 'N'),
(529, 12, 34, 0, 0, 0, 0, 0, 'N'),
(530, 12, 35, 0, 0, 0, 0, 0, 'N'),
(531, 12, 36, 0, 0, 0, 0, 0, 'N'),
(532, 12, 37, 0, 0, 0, 0, 0, 'N'),
(533, 12, 38, 0, 0, 0, 0, 0, 'N'),
(534, 12, 39, 0, 0, 0, 0, 0, 'N'),
(535, 12, 40, 0, 0, 0, 0, 0, 'N'),
(536, 12, 41, 0, 0, 0, 0, 0, 'N'),
(537, 12, 42, 0, 0, 0, 0, 0, 'N'),
(538, 12, 43, 0, 0, 0, 0, 0, 'N'),
(539, 12, 44, 0, 0, 0, 0, 0, 'N'),
(540, 12, 45, 0, 0, 0, 0, 0, 'N'),
(541, 13, 1, 0, 0, 0, 0, 0, 'N'),
(542, 13, 2, 0, 0, 0, 0, 0, 'N'),
(543, 13, 3, 0, 0, 0, 0, 0, 'N'),
(544, 13, 4, 0, 0, 0, 0, 0, 'N'),
(545, 13, 5, 0, 0, 0, 0, 0, 'N'),
(546, 13, 6, 0, 0, 0, 0, 0, 'N'),
(547, 13, 7, 0, 0, 0, 0, 0, 'N'),
(548, 13, 8, 0, 0, 0, 0, 0, 'N'),
(549, 13, 9, 0, 0, 0, 0, 0, 'N'),
(550, 13, 10, 0, 0, 0, 0, 0, 'N'),
(551, 13, 11, 0, 0, 0, 0, 0, 'N'),
(552, 13, 12, 0, 0, 0, 0, 0, 'N'),
(553, 13, 13, 0, 0, 0, 0, 0, 'N'),
(554, 13, 14, 0, 0, 0, 0, 0, 'N'),
(555, 13, 15, 0, 0, 0, 0, 0, 'N'),
(556, 13, 16, 0, 0, 0, 0, 0, 'N'),
(557, 13, 17, 0, 0, 0, 0, 0, 'N'),
(558, 13, 18, 0, 0, 0, 0, 0, 'N'),
(559, 13, 19, 0, 0, 0, 0, 0, 'N'),
(560, 13, 20, 0, 0, 0, 0, 0, 'N'),
(561, 13, 21, 0, 0, 0, 0, 0, 'N'),
(562, 13, 22, 0, 0, 0, 0, 0, 'N'),
(563, 13, 23, 0, 0, 0, 0, 0, 'N'),
(564, 13, 24, 0, 0, 0, 0, 0, 'N'),
(565, 13, 25, 0, 0, 0, 0, 0, 'N'),
(566, 13, 26, 0, 0, 0, 0, 0, 'N'),
(567, 13, 27, 0, 0, 0, 0, 0, 'N'),
(568, 13, 28, 0, 0, 0, 0, 0, 'N'),
(569, 13, 29, 0, 0, 0, 0, 0, 'N'),
(570, 13, 30, 0, 0, 0, 0, 0, 'N'),
(571, 13, 31, 0, 0, 0, 0, 0, 'N'),
(572, 13, 32, 0, 0, 0, 0, 0, 'N'),
(573, 13, 33, 0, 0, 0, 0, 0, 'N'),
(574, 13, 34, 0, 0, 0, 0, 0, 'N'),
(575, 13, 35, 0, 0, 0, 0, 0, 'N'),
(576, 13, 36, 0, 0, 0, 0, 0, 'N'),
(577, 13, 37, 0, 0, 0, 0, 0, 'N'),
(578, 13, 38, 0, 0, 0, 0, 0, 'N'),
(579, 13, 39, 0, 0, 0, 0, 0, 'N'),
(580, 13, 40, 0, 0, 0, 0, 0, 'N'),
(581, 13, 41, 0, 0, 0, 0, 0, 'N'),
(582, 13, 42, 0, 0, 0, 0, 0, 'N'),
(583, 13, 43, 0, 0, 0, 0, 0, 'N'),
(584, 13, 44, 0, 0, 0, 0, 0, 'N'),
(585, 13, 45, 0, 0, 0, 0, 0, 'N'),
(586, 14, 1, 0, 0, 0, 0, 0, 'N'),
(587, 14, 2, 0, 0, 0, 0, 0, 'N'),
(588, 14, 3, 0, 0, 0, 0, 0, 'N'),
(589, 14, 4, 0, 0, 0, 0, 0, 'N'),
(590, 14, 5, 0, 0, 0, 0, 0, 'N'),
(591, 14, 6, 0, 0, 0, 0, 0, 'N'),
(592, 14, 7, 0, 0, 0, 0, 0, 'N'),
(593, 14, 8, 0, 0, 0, 0, 0, 'N'),
(594, 14, 9, 0, 0, 0, 0, 0, 'N'),
(595, 14, 10, 0, 0, 0, 0, 0, 'N'),
(596, 14, 11, 0, 0, 0, 0, 0, 'N'),
(597, 14, 12, 0, 0, 0, 0, 0, 'N'),
(598, 14, 13, 0, 0, 0, 0, 0, 'N'),
(599, 14, 14, 0, 0, 0, 0, 0, 'N'),
(600, 14, 15, 0, 0, 0, 0, 0, 'N'),
(601, 14, 16, 0, 0, 0, 0, 0, 'N'),
(602, 14, 17, 0, 0, 0, 0, 0, 'N'),
(603, 14, 18, 0, 0, 0, 0, 0, 'N'),
(604, 14, 19, 0, 0, 0, 0, 0, 'N'),
(605, 14, 20, 0, 0, 0, 0, 0, 'N'),
(606, 14, 21, 0, 0, 0, 0, 0, 'N'),
(607, 14, 22, 0, 0, 0, 0, 0, 'N'),
(608, 14, 23, 0, 0, 0, 0, 0, 'N'),
(609, 14, 24, 0, 0, 0, 0, 0, 'N'),
(610, 14, 25, 0, 0, 0, 0, 0, 'N'),
(611, 14, 26, 0, 0, 0, 0, 0, 'N'),
(612, 14, 27, 0, 0, 0, 0, 0, 'N'),
(613, 14, 28, 0, 0, 0, 0, 0, 'N'),
(614, 14, 29, 0, 0, 0, 0, 0, 'N'),
(615, 14, 30, 0, 0, 0, 0, 0, 'N'),
(616, 14, 31, 0, 0, 0, 0, 0, 'N'),
(617, 14, 32, 0, 0, 0, 0, 0, 'N'),
(618, 14, 33, 0, 0, 0, 0, 0, 'N'),
(619, 14, 34, 0, 0, 0, 0, 0, 'N'),
(620, 14, 35, 0, 0, 0, 0, 0, 'N'),
(621, 14, 36, 0, 0, 0, 0, 0, 'N'),
(622, 14, 37, 0, 0, 0, 0, 0, 'N'),
(623, 14, 38, 0, 0, 0, 0, 0, 'N'),
(624, 14, 39, 0, 0, 0, 0, 0, 'N'),
(625, 14, 40, 0, 0, 0, 0, 0, 'N'),
(626, 14, 41, 0, 0, 0, 0, 0, 'N'),
(627, 14, 42, 0, 0, 0, 0, 0, 'N'),
(628, 14, 43, 0, 0, 0, 0, 0, 'N'),
(629, 14, 44, 0, 0, 0, 0, 0, 'N'),
(630, 14, 45, 0, 0, 0, 0, 0, 'N'),
(631, 15, 1, 0, 0, 0, 0, 0, 'N'),
(632, 15, 2, 0, 0, 0, 0, 0, 'N'),
(633, 15, 3, 0, 0, 0, 0, 0, 'N'),
(634, 15, 4, 0, 0, 0, 0, 0, 'N'),
(635, 15, 5, 0, 0, 0, 0, 0, 'N'),
(636, 15, 6, 0, 0, 0, 0, 0, 'N'),
(637, 15, 7, 0, 0, 0, 0, 0, 'N'),
(638, 15, 8, 0, 0, 0, 0, 0, 'N'),
(639, 15, 9, 0, 0, 0, 0, 0, 'N'),
(640, 15, 10, 0, 0, 0, 0, 0, 'N'),
(641, 15, 11, 0, 0, 0, 0, 0, 'N'),
(642, 15, 12, 0, 0, 0, 0, 0, 'N'),
(643, 15, 13, 0, 0, 0, 0, 0, 'N'),
(644, 15, 14, 0, 0, 0, 0, 0, 'N'),
(645, 15, 15, 0, 0, 0, 0, 0, 'N'),
(646, 15, 16, 0, 0, 0, 0, 0, 'N'),
(647, 15, 17, 0, 0, 0, 0, 0, 'N'),
(648, 15, 18, 0, 0, 0, 0, 0, 'N'),
(649, 15, 19, 0, 0, 0, 0, 0, 'N'),
(650, 15, 20, 0, 0, 0, 0, 0, 'N'),
(651, 15, 21, 0, 0, 0, 0, 0, 'N'),
(652, 15, 22, 0, 0, 0, 0, 0, 'N'),
(653, 15, 23, 0, 0, 0, 0, 0, 'N'),
(654, 15, 24, 0, 0, 0, 0, 0, 'N'),
(655, 15, 25, 0, 0, 0, 0, 0, 'N'),
(656, 15, 26, 0, 0, 0, 0, 0, 'N'),
(657, 15, 27, 0, 0, 0, 0, 0, 'N'),
(658, 15, 28, 0, 0, 0, 0, 0, 'N'),
(659, 15, 29, 0, 0, 0, 0, 0, 'N'),
(660, 15, 30, 0, 0, 0, 0, 0, 'N'),
(661, 15, 31, 0, 0, 0, 0, 0, 'N'),
(662, 15, 32, 0, 0, 0, 0, 0, 'N'),
(663, 15, 33, 0, 0, 0, 0, 0, 'N'),
(664, 15, 34, 0, 0, 0, 0, 0, 'N'),
(665, 15, 35, 0, 0, 0, 0, 0, 'N'),
(666, 15, 36, 0, 0, 0, 0, 0, 'N'),
(667, 15, 37, 0, 0, 0, 0, 0, 'N'),
(668, 15, 38, 0, 0, 0, 0, 0, 'N'),
(669, 15, 39, 0, 0, 0, 0, 0, 'N'),
(670, 15, 40, 0, 0, 0, 0, 0, 'N'),
(671, 15, 41, 0, 0, 0, 0, 0, 'N'),
(672, 15, 42, 0, 0, 0, 0, 0, 'N'),
(673, 15, 43, 0, 0, 0, 0, 0, 'N'),
(674, 15, 44, 0, 0, 0, 0, 0, 'N'),
(675, 15, 45, 0, 0, 0, 0, 0, 'N'),
(676, 16, 1, 0, 0, 0, 0, 0, 'N'),
(677, 16, 2, 0, 0, 0, 0, 0, 'N'),
(678, 16, 3, 0, 0, 0, 0, 0, 'N'),
(679, 16, 4, 0, 0, 0, 0, 0, 'N'),
(680, 16, 5, 0, 0, 0, 0, 0, 'N'),
(681, 16, 6, 0, 0, 0, 0, 0, 'N'),
(682, 16, 7, 0, 0, 0, 0, 0, 'N'),
(683, 16, 8, 0, 0, 0, 0, 0, 'N'),
(684, 16, 9, 0, 0, 0, 0, 0, 'N'),
(685, 16, 10, 0, 0, 0, 0, 0, 'N'),
(686, 16, 11, 0, 0, 0, 0, 0, 'N'),
(687, 16, 12, 0, 0, 0, 0, 0, 'N'),
(688, 16, 13, 0, 0, 0, 0, 0, 'N'),
(689, 16, 14, 0, 0, 0, 0, 0, 'N'),
(690, 16, 15, 0, 0, 0, 0, 0, 'N'),
(691, 16, 16, 0, 0, 0, 0, 0, 'N'),
(692, 16, 17, 0, 0, 0, 0, 0, 'N'),
(693, 16, 18, 0, 0, 0, 0, 0, 'N'),
(694, 16, 19, 0, 0, 0, 0, 0, 'N'),
(695, 16, 20, 0, 0, 0, 0, 0, 'N'),
(696, 16, 21, 0, 0, 0, 0, 0, 'N'),
(697, 16, 22, 0, 0, 0, 0, 0, 'N'),
(698, 16, 23, 0, 0, 0, 0, 0, 'N'),
(699, 16, 24, 0, 0, 0, 0, 0, 'N'),
(700, 16, 25, 0, 0, 0, 0, 0, 'N'),
(701, 16, 26, 0, 0, 0, 0, 0, 'N'),
(702, 16, 27, 0, 0, 0, 0, 0, 'N'),
(703, 16, 28, 0, 0, 0, 0, 0, 'N'),
(704, 16, 29, 0, 0, 0, 0, 0, 'N'),
(705, 16, 30, 0, 0, 0, 0, 0, 'N'),
(706, 16, 31, 0, 0, 0, 0, 0, 'N'),
(707, 16, 32, 0, 0, 0, 0, 0, 'N'),
(708, 16, 33, 0, 0, 0, 0, 0, 'N'),
(709, 16, 34, 0, 0, 0, 0, 0, 'N'),
(710, 16, 35, 0, 0, 0, 0, 0, 'N'),
(711, 16, 36, 0, 0, 0, 0, 0, 'N'),
(712, 16, 37, 0, 0, 0, 0, 0, 'N'),
(713, 16, 38, 0, 0, 0, 0, 0, 'N'),
(714, 16, 39, 0, 0, 0, 0, 0, 'N'),
(715, 16, 40, 0, 0, 0, 0, 0, 'N'),
(716, 16, 41, 0, 0, 0, 0, 0, 'N'),
(717, 16, 42, 0, 0, 0, 0, 0, 'N'),
(718, 16, 43, 0, 0, 0, 0, 0, 'N'),
(719, 16, 44, 0, 0, 0, 0, 0, 'N'),
(720, 16, 45, 0, 0, 0, 0, 0, 'N'),
(721, 17, 1, 0, 0, 0, 0, 0, 'N'),
(722, 17, 2, 0, 0, 0, 0, 0, 'N'),
(723, 17, 3, 0, 0, 0, 0, 0, 'N'),
(724, 17, 4, 0, 0, 0, 0, 0, 'N'),
(725, 17, 5, 0, 0, 0, 0, 0, 'N'),
(726, 17, 6, 0, 0, 0, 0, 0, 'N'),
(727, 17, 7, 0, 0, 0, 0, 0, 'N'),
(728, 17, 8, 0, 0, 0, 0, 0, 'N'),
(729, 17, 9, 0, 0, 0, 0, 0, 'N'),
(730, 17, 10, 0, 0, 0, 0, 0, 'N'),
(731, 17, 11, 0, 0, 0, 0, 0, 'N'),
(732, 17, 12, 0, 0, 0, 0, 0, 'N'),
(733, 17, 13, 0, 0, 0, 0, 0, 'N'),
(734, 17, 14, 0, 0, 0, 0, 0, 'N'),
(735, 17, 15, 0, 0, 0, 0, 0, 'N'),
(736, 17, 16, 0, 0, 0, 0, 0, 'N'),
(737, 17, 17, 0, 0, 0, 0, 0, 'N'),
(738, 17, 18, 0, 0, 0, 0, 0, 'N'),
(739, 17, 19, 0, 0, 0, 0, 0, 'N'),
(740, 17, 20, 0, 0, 0, 0, 0, 'N'),
(741, 17, 21, 0, 0, 0, 0, 0, 'N'),
(742, 17, 22, 0, 0, 0, 0, 0, 'N'),
(743, 17, 23, 0, 0, 0, 0, 0, 'N'),
(744, 17, 24, 0, 0, 0, 0, 0, 'N'),
(745, 17, 25, 0, 0, 0, 0, 0, 'N'),
(746, 17, 26, 0, 0, 0, 0, 0, 'N'),
(747, 17, 27, 0, 0, 0, 0, 0, 'N'),
(748, 17, 28, 0, 0, 0, 0, 0, 'N'),
(749, 17, 29, 0, 0, 0, 0, 0, 'N'),
(750, 17, 30, 0, 0, 0, 0, 0, 'N'),
(751, 17, 31, 0, 0, 0, 0, 0, 'N'),
(752, 17, 32, 0, 0, 0, 0, 0, 'N'),
(753, 17, 33, 0, 0, 0, 0, 0, 'N'),
(754, 17, 34, 0, 0, 0, 0, 0, 'N'),
(755, 17, 35, 0, 0, 0, 0, 0, 'N'),
(756, 17, 36, 0, 0, 0, 0, 0, 'N'),
(757, 17, 37, 0, 0, 0, 0, 0, 'N'),
(758, 17, 38, 0, 0, 0, 0, 0, 'N'),
(759, 17, 39, 0, 0, 0, 0, 0, 'N'),
(760, 17, 40, 0, 0, 0, 0, 0, 'N'),
(761, 17, 41, 0, 0, 0, 0, 0, 'N'),
(762, 17, 42, 0, 0, 0, 0, 0, 'N'),
(763, 17, 43, 0, 0, 0, 0, 0, 'N'),
(764, 17, 44, 0, 0, 0, 0, 0, 'N'),
(765, 17, 45, 0, 0, 0, 0, 0, 'N'),
(766, 18, 1, 0, 0, 0, 0, 1, 'N'),
(767, 18, 2, 0, 0, 0, 0, 1, 'N'),
(768, 18, 3, 0, 0, 0, 0, 1, 'N'),
(769, 18, 4, 0, 0, 0, 0, 1, 'N'),
(770, 18, 5, 0, 0, 0, 0, 1, 'N'),
(771, 18, 6, 0, 0, 0, 0, 1, 'N'),
(772, 18, 7, 0, 0, 0, 0, 1, 'N'),
(773, 18, 8, 0, 0, 0, 0, 1, 'N'),
(774, 18, 9, 0, 0, 0, 0, 0, 'N'),
(775, 18, 10, 0, 0, 0, 0, 0, 'N'),
(776, 18, 11, 0, 0, 0, 0, 0, 'N'),
(777, 18, 12, 0, 0, 0, 0, 0, 'N'),
(778, 18, 13, 0, 0, 0, 0, 0, 'N'),
(779, 18, 14, 0, 0, 0, 0, 0, 'N'),
(780, 18, 15, 0, 0, 0, 0, 0, 'N'),
(781, 18, 16, 0, 0, 0, 0, 0, 'N'),
(782, 18, 17, 0, 0, 0, 0, 0, 'N'),
(783, 18, 18, 0, 0, 0, 0, 0, 'N'),
(784, 18, 19, 0, 0, 0, 0, 0, 'N'),
(785, 18, 20, 0, 0, 0, 0, 0, 'N'),
(786, 18, 21, 0, 0, 0, 0, 0, 'N'),
(787, 18, 22, 0, 0, 0, 0, 0, 'N'),
(788, 18, 23, 0, 0, 0, 0, 0, 'N'),
(789, 18, 24, 0, 0, 0, 0, 0, 'N'),
(790, 18, 25, 0, 0, 0, 0, 0, 'N'),
(791, 18, 26, 0, 0, 0, 0, 0, 'N'),
(792, 18, 27, 0, 0, 0, 0, 0, 'N'),
(793, 18, 28, 0, 0, 0, 0, 0, 'N'),
(794, 18, 29, 0, 0, 0, 0, 0, 'N'),
(795, 18, 30, 0, 0, 0, 0, 0, 'N'),
(796, 18, 31, 0, 0, 0, 0, 0, 'N'),
(797, 18, 32, 0, 0, 0, 0, 0, 'N'),
(798, 18, 33, 0, 0, 0, 0, 0, 'N'),
(799, 18, 34, 0, 0, 0, 0, 0, 'N'),
(800, 18, 35, 0, 0, 0, 0, 0, 'N'),
(801, 18, 36, 0, 0, 0, 0, 0, 'N'),
(802, 18, 37, 0, 0, 0, 0, 0, 'N'),
(803, 18, 38, 0, 0, 0, 0, 0, 'N'),
(804, 18, 39, 0, 0, 0, 0, 0, 'N'),
(805, 18, 40, 0, 0, 0, 0, 0, 'N'),
(806, 18, 41, 0, 0, 0, 0, 0, 'N'),
(807, 18, 42, 0, 0, 0, 0, 0, 'N'),
(808, 18, 43, 0, 0, 0, 0, 0, 'N'),
(809, 18, 44, 0, 0, 0, 0, 0, 'N'),
(810, 18, 45, 0, 0, 0, 0, 0, 'N'),
(811, 19, 1, 0, 0, 0, 0, 0, 'N'),
(812, 19, 2, 0, 0, 0, 0, 0, 'N'),
(813, 19, 3, 0, 0, 0, 0, 0, 'N'),
(814, 19, 4, 0, 0, 0, 0, 0, 'N'),
(815, 19, 5, 0, 0, 0, 0, 0, 'N'),
(816, 19, 6, 0, 0, 0, 0, 0, 'N'),
(817, 19, 7, 0, 0, 0, 0, 0, 'N'),
(818, 19, 8, 0, 0, 0, 0, 0, 'N'),
(819, 19, 9, 0, 0, 0, 0, 0, 'N'),
(820, 19, 10, 0, 0, 0, 0, 0, 'N'),
(821, 19, 11, 0, 0, 0, 0, 0, 'N'),
(822, 19, 12, 0, 0, 0, 0, 0, 'N'),
(823, 19, 13, 0, 0, 0, 0, 0, 'N'),
(824, 19, 14, 0, 0, 0, 0, 0, 'N'),
(825, 19, 15, 0, 0, 0, 0, 0, 'N'),
(826, 19, 16, 0, 0, 0, 0, 0, 'N'),
(827, 19, 17, 0, 0, 0, 0, 0, 'N'),
(828, 19, 18, 0, 0, 0, 0, 0, 'N'),
(829, 19, 19, 0, 0, 0, 0, 0, 'N'),
(830, 19, 20, 0, 0, 0, 0, 0, 'N'),
(831, 19, 21, 0, 0, 0, 0, 0, 'N'),
(832, 19, 22, 0, 0, 0, 0, 0, 'N'),
(833, 19, 23, 0, 0, 0, 0, 0, 'N'),
(834, 19, 24, 0, 0, 0, 0, 0, 'N'),
(835, 19, 25, 0, 0, 0, 0, 0, 'N'),
(836, 19, 26, 0, 0, 0, 0, 0, 'N'),
(837, 19, 27, 0, 0, 0, 0, 0, 'N'),
(838, 19, 28, 0, 0, 0, 0, 0, 'N'),
(839, 19, 29, 0, 0, 0, 0, 0, 'N'),
(840, 19, 30, 0, 0, 0, 0, 0, 'N'),
(841, 19, 31, 0, 0, 0, 0, 0, 'N'),
(842, 19, 32, 0, 0, 0, 0, 0, 'N'),
(843, 19, 33, 0, 0, 0, 0, 0, 'N'),
(844, 19, 34, 0, 0, 0, 0, 0, 'N'),
(845, 19, 35, 0, 0, 0, 0, 0, 'N'),
(846, 19, 36, 0, 0, 0, 0, 0, 'N'),
(847, 19, 37, 0, 0, 0, 0, 0, 'N'),
(848, 19, 38, 0, 0, 0, 0, 0, 'N'),
(849, 19, 39, 0, 0, 0, 0, 0, 'N'),
(850, 19, 40, 0, 0, 0, 0, 0, 'N'),
(851, 19, 41, 0, 0, 0, 0, 0, 'N'),
(852, 19, 42, 0, 0, 0, 0, 0, 'N'),
(853, 19, 43, 0, 0, 0, 0, 0, 'N'),
(854, 19, 44, 0, 0, 0, 0, 0, 'N'),
(855, 19, 45, 0, 0, 0, 0, 0, 'N'),
(856, 20, 1, 0, 0, 0, 0, 1, 'N'),
(857, 20, 2, 0, 0, 0, 0, 1, 'N'),
(858, 20, 3, 0, 0, 0, 0, 1, 'N'),
(859, 20, 4, 0, 0, 0, 0, 1, 'N'),
(860, 20, 5, 0, 0, 0, 0, 1, 'N'),
(861, 20, 6, 0, 0, 0, 0, 1, 'N'),
(862, 20, 7, 0, 0, 0, 0, 1, 'N'),
(863, 20, 8, 0, 0, 0, 0, 1, 'N'),
(864, 20, 9, 0, 0, 0, 0, 1, 'N'),
(865, 20, 10, 0, 0, 0, 0, 1, 'N'),
(866, 20, 11, 0, 0, 0, 0, 1, 'N'),
(867, 20, 12, 0, 0, 0, 0, 1, 'N'),
(868, 20, 13, 0, 0, 0, 0, 1, 'N'),
(869, 20, 14, 0, 0, 0, 0, 1, 'N'),
(870, 20, 15, 0, 0, 0, 0, 1, 'N'),
(871, 20, 16, 0, 0, 0, 0, 1, 'N'),
(872, 20, 17, 0, 0, 0, 0, 1, 'N'),
(873, 20, 18, 0, 0, 0, 0, 1, 'N'),
(874, 20, 19, 0, 0, 0, 0, 1, 'N'),
(875, 20, 20, 0, 0, 0, 0, 1, 'N'),
(876, 20, 21, 0, 0, 0, 0, 1, 'N'),
(877, 20, 22, 0, 0, 0, 0, 1, 'N'),
(878, 20, 23, 0, 0, 0, 0, 1, 'N'),
(879, 20, 24, 0, 0, 0, 0, 1, 'N'),
(880, 20, 25, 0, 0, 0, 0, 1, 'N'),
(881, 20, 26, 0, 0, 0, 0, 1, 'N'),
(882, 20, 27, 0, 0, 0, 0, 1, 'N'),
(883, 20, 28, 0, 0, 0, 0, 1, 'N'),
(884, 20, 29, 0, 0, 0, 0, 1, 'N'),
(885, 20, 30, 0, 0, 0, 0, 1, 'N'),
(886, 20, 31, 0, 0, 0, 0, 1, 'N'),
(887, 20, 32, 0, 0, 0, 0, 1, 'N'),
(888, 20, 33, 0, 0, 0, 0, 1, 'N'),
(889, 20, 34, 0, 0, 0, 0, 0, 'N'),
(890, 20, 35, 0, 0, 0, 0, 0, 'N'),
(891, 20, 36, 0, 0, 0, 0, 0, 'N'),
(892, 20, 37, 0, 0, 0, 0, 0, 'N'),
(893, 20, 38, 0, 0, 0, 0, 0, 'N'),
(894, 20, 39, 0, 0, 0, 0, 0, 'N'),
(895, 20, 40, 0, 0, 0, 0, 0, 'N'),
(896, 20, 41, 0, 0, 0, 0, 0, 'N'),
(897, 20, 42, 0, 0, 0, 0, 0, 'N'),
(898, 20, 43, 0, 0, 0, 0, 0, 'N'),
(899, 20, 44, 0, 0, 0, 0, 0, 'N'),
(900, 20, 45, 0, 0, 0, 0, 0, 'N');

/*!40101 SET CHARACTER_SET_CLIENT=@OLD_CHARACTER_SET_CLIENT */;
/*!40101 SET CHARACTER_SET_RESULTS=@OLD_CHARACTER_SET_RESULTS */;
/*!40101 SET COLLATION_CONNECTION=@OLD_COLLATION_CONNECTION */;
